
SET SQL_MODE = "NO_AUTO_VALUE_ON_ZERO";
START TRANSACTION;
SET time_zone = "+00:00";


/*!40101 SET @OLD_CHARACTER_SET_CLIENT=@@CHARACTER_SET_CLIENT */;
/*!40101 SET @OLD_CHARACTER_SET_RESULTS=@@CHARACTER_SET_RESULTS */;
/*!40101 SET @OLD_COLLATION_CONNECTION=@@COLLATION_CONNECTION */;
/*!40101 SET NAMES utf8mb4 */;


--
-- Dumping data for table `developers`
--

INSERT INTO `developers` (`devID`, `devName`) VALUES
(16, 'Arika'),
(13, 'Avalanche Studios Group'),
(12, 'Bethesda Game Studios'),
(15, 'Creatures Inc.'),
(14, 'Crytek'),
(3, 'Frontier Developments'),
(5, 'Game Freak'),
(7, 'Genius Sonority'),
(9, 'Ghost Games'),
(11, 'Hazelight Studios'),
(4, 'ILCA'),
(10, 'Mojang'),
(1, 'Nintendo'),
(2, 'Pocket Pair'),
(6, 'Toys for Bob'),
(8, 'Zeekerss');

--
-- Dumping data for table `games`
--

INSERT INTO `games` (`gameID`, `gameName`, `gameRelease`, `devID`, `imageLink`) VALUES
(1, 'Mario Kart 8 Deluxe', '2017-04-27', 1, 'https://img-eshop.cdn.nintendo.net/i/55e0720b1a064e28b5df173d30b343ecd91287dc86942f833ffbf979a7a66ec9.jpg'),
(2, 'Palworld', '2024-01-24', 2, 'https://cdn2.steamgriddb.com/thumb/c7442a22ca020c53aefeb2e1fbec4bc2.jpg'),
(3, 'Super Smash Bros. Ultimate', '2018-12-07', 1, 'https://img-eshop.cdn.nintendo.net/i/08af58551a19df2a73ccb36f720388434a1965776b34675c6f69af3f93280330.jpg'),
(4, 'Splatoon 3', '2022-09-09', 1, 'https://img-eshop.cdn.nintendo.net/i/1a9980faeec7c32f7e3458ad2785e46ceb0324e0325a63ac4499d7d3958abcec.jpg'),
(5, 'Elite Dangerous', '2014-12-16', 3, 'https://cdn2.steamgriddb.com/thumb/26b48e46bf3f22ac4a843de3ef54bd78.jpg'),
(6, 'The Legend of Zelda: Breath of the Wild', '2017-03-03', 1, 'https://img-eshop.cdn.nintendo.net/i/16259342084f704aa52da956cf1b1a9c2ad1f88b3de6c3e263c350813e7ccd1f.jpg'),
(7, 'The Legend of Zelda: Tears of the Kingdom', '2023-05-12', 1, 'https://img-eshop.cdn.nintendo.net/i/4b53da7ca4b118fe37c8b8040609b84dc63214d6131c51592486de9bf29ef29c.jpg'),
(8, 'Pokémon Brilliant Diamond', '2021-11-19', 4, 'https://img-eshop.cdn.nintendo.net/i/e4d86911bdcfa69882f399c7c4e2fb590e3c3629882f01d85af3241207623696.jpg'),
(9, 'Pokémon Scarlet', '2022-11-18', 5, 'https://img-eshop.cdn.nintendo.net/i/fa0f7bba88e0bc9b24cb0a2d1707990a6bc2c59480d22b821114d1a57762fafc.jpg'),
(10, 'Spyro Reignited Trilogy', '2018-11-13', 6, 'https://img-eshop.cdn.nintendo.net/i/9725c173ddb9a6323eaefb39086aaaf5151e97c1e6474237459083dfbc07a8fd.jpg'),
(11, 'Pokémon Battle Revolution', '2006-12-14', 7, 'https://cdn2.steamgriddb.com/thumb/af9d8b8c1db81c9fc16c6e899386cba5.png'),
(12, 'Lethal Company', '2023-10-23', 8, 'https://cdn2.steamgriddb.com/thumb/a8fba7232b85ea00244c2de3c29135a7.jpg'),
(13, 'Need for Speed Rivals', '2013-11-15', 9, 'https://cdn2.steamgriddb.com/thumb/370c95248c885439aba89c390b949c41.jpg'),
(14, 'Minecraft', '2011-08-16', 10, 'https://cdn2.steamgriddb.com/thumb/a488ceea8a1f5aed84cb4cda6aaffa89.jpg'),
(15, 'It Takes Two', '2021-03-26', 11, 'https://cdn2.steamgriddb.com/thumb/6d6ed2ea29b0d5ce5338b24ec32b871f.jpg'),
(16, 'Starfield', '2023-09-06', 12, 'https://store-images.s-microsoft.com/image/apps.1647.14419706211314168.b0f9d237-3727-4f27-a56e-60574c628757.ef6e6b86-ef7d-4357-9dbf-1d0766fdc93a'),
(21, 'Super Mario Odyssey', '2017-10-27', 1, 'https://img-eshop.cdn.nintendo.net/i/ad4d31f664a1ce704f0219da2805f8459595bc3c01c3f04df2e32ba34a05b8c6.jpg'),
(22, 'Splatoon 2', '2017-07-21', 1, 'https://img-eshop.cdn.nintendo.net/i/a0af3e5f59b543af010e54c664c53fa17f66c37098418ba73b45aa6b43ac6f0d.jpg'),
(23, 'Pokémon: Let\'s Go, Pikachu!', '2018-11-16', 5, 'https://img-eshop.cdn.nintendo.net/i/68319146899bcac903887a25ff13c361b86c2980f5fb3231cc7863188ffce251.jpg'),
(24, 'Pokémon: Let\'s Go, Eevee!', '2018-11-16', 5, 'https://img-eshop.cdn.nintendo.net/i/cf0dbdcad11b124c3a3090f7cf331fd484e1260efd91cf7208edfc9b621b3bdf.jpg'),
(25, 'Xenoblade Chronicles 2', '2017-12-01', 1, 'https://img-eshop.cdn.nintendo.net/i/0edb5a2abf375dfb0d29cf9e7c723450a93bf4d66f090dde4f3bdb68c4698ed9.jpg'),
(26, 'Yoshi\'s Crafted World', '2019-03-29', 1, 'https://img-eshop.cdn.nintendo.net/i/eb4db2538ac3d439fce167fe2c23d2a58b09a80fdf1a8d00d1cbae50481f374f.jpg'),
(27, 'Pokkén Tournament DX', '2017-09-22', 1, 'https://img-eshop.cdn.nintendo.net/i/12623dc3cb41523591f122ee7fc83f8030b6aece8c690979c8239498df78b58b.jpg'),
(28, 'Luigi\'s Mansion 3', '2019-10-31', 1, 'https://img-eshop.cdn.nintendo.net/i/60601a0a7cd4f96b7b736dd4fe6da14bcefc9f1d3b649084302dcd409618f23f.jpg'),
(29, 'Pokémon Quest', '2018-05-30', 1, 'https://img-eshop.cdn.nintendo.net/i/4bbdd3ca2f33b56cbf2e2475f855a19dbc24a0476faefdf797b5440dde7fa3d5.jpg'),
(30, 'Pokémon Shield', '2019-11-15', 5, 'https://img-eshop.cdn.nintendo.net/i/959762efe1ebe8eb3e3eae454f7c6ee307df06446885dbab62f8bec7e2b4d91b.jpg'),
(31, 'Pokémon Sword', '2019-11-15', 5, 'https://img-eshop.cdn.nintendo.net/i/0bf4bca3b619ae6ef04ca08214df7b2a438a8fec8616934b03ae73de839bd518.jpg'),
(32, 'Pokémon Mystery Dungeon: Rescue Team DX', '2020-03-06', 1, 'https://img-eshop.cdn.nintendo.net/i/01bdf842194256f9948bf5ff6fb7b77bacc6905adfede8b7d69cd4ca70c5a216.jpg'),
(33, 'The Legend of Zelda: Link\'s Awakening', '2019-09-20', 1, 'https://img-eshop.cdn.nintendo.net/i/b0b0b2d150830b70b5bb259cdabefe21d2009b55cbd58854cf6a897587249054.jpg'),
(34, 'Hyrule Warriors: Age of Calamity', '2020-11-20', 1, 'https://img-eshop.cdn.nintendo.net/i/9eb5a62527c0783cf7cf72b7144f6abe53c2c25264a5a62258e21650830d8b40.jpg'),
(35, 'Generation Zero', '2019-03-26', 13, 'https://cdn2.steamgriddb.com/thumb/85a58f7d90ff516e29e0360454eb5599.png'),
(36, 'Hunt: Showdown', '2019-05-29', 14, 'https://cdn2.steamgriddb.com/thumb/222c7eb24794c9732f37e83760123b4f.jpg'),
(46, 'Captain Toad: Treasure Tracker', '2018-07-13', 1, 'https://img-eshop.cdn.nintendo.net/i/63ca1c160b69fcf2b9dd8dd993bb6ef86218ff68f8afa5167b48d35d38c33478.jpg'),
(47, 'Hyrule Warriors: Definitive Edition', '2018-05-18', 1, 'https://img-eshop.cdn.nintendo.net/i/8d75a710f3feacbaa1be6e277648b2cb04ec61edf6a9e4c67f4a1d1321c0b57a.jpg'),
(48, 'New Pokémon Snap', '2021-04-30', 1, 'https://img-eshop.cdn.nintendo.net/i/961f7e70e919bb9300c64d90e9e0ff3beb2d9128ce0d5137968e776fd8c2ec38.jpg'),
(49, 'Miitopia', '2021-05-21', 1, 'https://img-eshop.cdn.nintendo.net/i/0ce5f0940911eab2cc34eb41b121e84c9d00081d02b816585851f9f1819bb256.jpg'),
(50, 'Pokémon Legends: Arceus', '2022-01-28', 5, 'https://img-eshop.cdn.nintendo.net/i/96acc14bf510d575c210eae08b6372fd5a536dea802da5c0331b39c4c358fe7c.jpg'),
(51, 'Pokémon Shining Pearl', '2021-11-19', 5, 'https://img-eshop.cdn.nintendo.net/i/52c7985db58362c21b825030d3cf35271013269f3538586db595c25a40b8f925.jpg'),
(52, 'Kirby and the Forgotten Land', '2022-03-25', 1, 'https://img-eshop.cdn.nintendo.net/i/2cbe1b8750ccd744a005beabcf9d2e12a8fb9d0c69a9b06fff66dad064cf138f.jpg'),
(53, 'Pokémon Violet', '2022-11-18', 5, 'https://img-eshop.cdn.nintendo.net/i/572379cee509d9dcd8ca11f8d41217d34889ea83c44aa320e22b7dd87093cedc.jpg'),
(54, 'Metroid Prime Remastered', '2023-02-08', 1, 'https://img-eshop.cdn.nintendo.net/i/25259ab4d90f092e66e9509f01f4f9fadf7e648bcd7c901a2b229033abbaeacc.jpg'),
(55, 'Super Mario RPG', '2023-11-17', 1, 'https://img-eshop.cdn.nintendo.net/i/b15ff4449c0e8b3100919e965bd8483ec84c0bee9442522d32012ab949e2acb2.jpg'),
(56, 'Detective Pikachu Returns', '2023-10-06', 15, 'https://img-eshop.cdn.nintendo.net/i/ba04a52062fc29a9b9a771921f79a09daf70794ae8c1ab7085a96578ba19d61a.jpg'),
(57, 'Endless Ocean Luminous', '2024-05-02', 16, 'https://img-eshop.cdn.nintendo.net/i/f422a4907e006cefd12492dda145da3fc889103d7ee1993cfbdb6a1040d2ed52.jpg');

--
-- Dumping data for table `game_platform_link`
--

INSERT INTO `game_platform_link` (`game_platformID`, `gameID`, `platformID`, `releaseDate`, `storeLink`, `storeID`) VALUES
(1, 1, 14, NULL, 'https://mariokart8.nintendo.com/', NULL),
(2, 2, 1, NULL, 'https://store.steampowered.com/app/1623730/Palworld/', NULL),
(3, 2, 11, NULL, 'https://www.xbox.com/en-US/games/store/palworld-game-preview/9NKV34XDW014', NULL),
(4, 2, 12, NULL, 'https://www.xbox.com/en-US/games/store/palworld-game-preview/9NKV34XDW014', NULL),
(5, 3, 14, NULL, 'https://www.smashbros.com/en_US/', '01006A800016E000'),
(6, 4, 14, NULL, 'https://splatoon.nintendo.com/', NULL),
(7, 5, 1, '2015-04-02', 'https://store.steampowered.com/app/359320/Elite_Dangerous/', '359320'),
(8, 5, 7, '2017-06-27', 'https://store.playstation.com/de-de/product/EP2377-CUSA05308_00-EDBASEGAME000000', NULL),
(9, 5, 8, '2017-06-27', 'https://store.playstation.com/de-de/product/EP2377-CUSA05308_00-EDBASEGAME000000', NULL),
(10, 5, 11, '2015-10-06', 'https://www.xbox.com/en-US/games/store/elite-dangerous-standard-edition/C3LW50BQJ878', NULL),
(11, 5, 12, '2015-10-06', 'https://www.xbox.com/en-US/games/store/elite-dangerous-standard-edition/C3LW50BQJ878', NULL),
(12, 6, 14, NULL, 'https://zelda.nintendo.com/breath-of-the-wild/', '01007EF00011E000'),
(13, 7, 14, NULL, 'https://zelda.nintendo.com/tears-of-the-kingdom/', '0100F2C0115B6000'),
(14, 8, 14, NULL, 'https://diamondpearl.pokemon.com/en-us/', '0100000011D90000'),
(15, 9, 14, NULL, 'https://scarletviolet.pokemon.com/en-us/', '0100A3D008C5C000'),
(16, 10, 14, NULL, 'https://www.nintendo.com/us/store/products/spyro-reignited-trilogy-switch/', '010077B00E046000'),
(17, 10, 1, NULL, 'https://store.steampowered.com/app/996580/Spyro_Reignited_Trilogy/', '996580'),
(18, 10, 7, NULL, 'https://store.playstation.com/en-us/product/UP0002-CUSA12125_00-SPYROTRILOGY0001', NULL),
(19, 10, 8, NULL, 'https://store.playstation.com/en-us/product/UP0002-CUSA12125_00-SPYROTRILOGY0001', NULL),
(20, 10, 11, NULL, 'https://www.xbox.com/en-US/games/store/spyro-reignited-trilogy/BWHFZNSL0PB5', NULL),
(21, 10, 12, NULL, 'https://www.xbox.com/en-US/games/store/spyro-reignited-trilogy/BWHFZNSL0PB5', NULL),
(22, 11, 16, NULL, NULL, NULL),
(23, 12, 1, NULL, 'https://store.steampowered.com/app/1966720/Lethal_Company/', NULL),
(24, 13, 1, '2013-11-19', 'https://store.steampowered.com/app/1262600/Need_for_Speed_Rivals/', NULL),
(25, 13, 4, '2013-11-19', 'https://www.ea.com/en-gb/games/need-for-speed/need-for-speed-rivals', NULL),
(26, 13, 7, '2013-11-15', 'https://store.playstation.com/en-us/product/UP0006-CUSA00113_00-NFS14000PS4000NA', NULL),
(27, 13, 8, '2013-11-15', 'https://store.playstation.com/en-us/product/UP0006-CUSA00113_00-NFS14000PS4000NA', NULL),
(28, 13, 9, '2013-11-19', NULL, NULL),
(29, 13, 11, '2013-11-22', 'https://www.xbox.com/en-US/games/store/need-for-speed-rivals/C3VM0TMWNZ5M', NULL),
(30, 13, 12, '2013-11-22', 'https://www.xbox.com/en-US/games/store/need-for-speed-rivals/C3VM0TMWNZ5M', NULL),
(31, 13, 13, '2013-11-19', 'https://marketplace.xbox.com/en-US/Product/Need-for-Speed-Rivals/66acd000-77fe-1000-9115-d802454109c6?cid=majornelson', NULL),
(38, 5, 2, '2015-04-02', 'https://store.epicgames.com/en-US/p/elite-dangerous', NULL),
(40, 14, 14, NULL, 'https://www.nintendo.com/us/store/products/minecraft-switch/', '0100D71004694000'),
(41, 14, 3, NULL, 'https://www.xbox.com/en-us/games/store/minecraft-fur-windows/9nblggh2jhxj', NULL),
(42, 14, 7, NULL, 'https://www.playstation.com/en-us/games/minecraft/', NULL),
(43, 14, 8, NULL, 'https://www.playstation.com/en-us/games/minecraft/', NULL),
(44, 14, 11, NULL, 'https://www.xbox.com/en-us/games/store/minecraft/9mvxmvt8zkwc', NULL),
(45, 14, 12, NULL, 'https://www.xbox.com/en-us/games/store/minecraft/9mvxmvt8zkwc', NULL),
(46, 15, 14, NULL, 'https://www.ea.com/en-gb/games/it-takes-two/buy/nintendo-switch', NULL),
(47, 15, 1, NULL, 'https://store.steampowered.com/app/1426210/It_Takes_Two/', '1426210'),
(48, 15, 4, NULL, 'https://www.ea.com/en-gb/games/it-takes-two', NULL),
(49, 15, 7, NULL, 'https://lnk.to/it-takes-two-sony-ps5', NULL),
(50, 15, 8, NULL, 'https://lnk.to/it-takes-two-sony-ps5', NULL),
(51, 15, 11, NULL, 'https://www.microsoft.com/p/It-Takes-Two/9NKJ0VZQ4N0L', NULL),
(52, 15, 12, NULL, 'https://www.microsoft.com/p/It-Takes-Two/9NKJ0VZQ4N0L', NULL),
(53, 16, 1, NULL, 'https://store.steampowered.com/app/1716740/Starfield/', '1716740'),
(54, 16, 3, NULL, 'https://www.xbox.com/en-us/games/store/starfield/9ncjsxwztp88', NULL),
(55, 16, 11, NULL, 'https://www.xbox.com/en-us/games/store/starfield/9ncjsxwztp88', NULL),
(60, 21, 14, NULL, 'https://www.nintendo.com/us/store/products/super-mario-odyssey-switch/', '0100000000010000'),
(61, 22, 14, NULL, 'https://www.nintendo.com/us/store/products/splatoon-2-switch/', '0100F8F0000A2000'),
(62, 23, 14, NULL, 'https://pokemonletsgo.pokemon.com/en-us/', '010003F003A34000'),
(63, 24, 14, NULL, 'https://pokemonletsgo.pokemon.com/en-us/', '0100187003A36000'),
(64, 25, 14, NULL, 'https://www.nintendo.com.au/games/nintendo-switch/xenoblade-chronicles-2', '0100E95004038000'),
(65, 26, 14, NULL, 'https://yoshiscraftedworld.nintendo.com/', '01006000040C2000'),
(66, 27, 14, NULL, 'https://www.pokkentournament.com/dx/en-us/', '0100B3F000BE2000'),
(67, 28, 14, NULL, 'https://luigismansion.nintendo.com/', '0100DCA0064A6000'),
(68, 29, 14, NULL, 'https://pokemonquest.pokemon.com/en-us/', '01005D100807A000'),
(69, 30, 14, NULL, 'https://swordshield.pokemon.com/en-us/', '01008DB008C2C000'),
(70, 31, 14, NULL, 'https://swordshield.pokemon.com/en-us/', '0100ABF008968000'),
(71, 32, 14, NULL, 'https://mysterydungeon.pokemon.com/en-us/', '01003D200BAA2000'),
(72, 33, 14, NULL, 'https://zelda.nintendo.com/links-awakening/', '01006BB00C6F0000'),
(73, 34, 14, NULL, 'https://zelda.nintendo.com/hyrule-warriors/', '01002B00111A2000'),
(74, 35, 1, NULL, 'https://store.steampowered.com/app/704270/Generation_Zero/', '704270'),
(75, 35, 3, NULL, 'https://www.xbox.com/en-US/games/store/generation-zero/C20WW4W29FQ1', NULL),
(76, 35, 7, NULL, 'https://www.playstation.com/en-us/games/generation-zero/', NULL),
(77, 35, 8, NULL, 'https://www.playstation.com/en-us/games/generation-zero/', NULL),
(78, 35, 11, NULL, 'https://www.xbox.com/en-US/games/store/generation-zero/C20WW4W29FQ1', NULL),
(79, 35, 12, NULL, 'https://www.xbox.com/en-US/games/store/generation-zero/C20WW4W29FQ1', NULL),
(80, 36, 1, NULL, 'http://store.steampowered.com/app/594650/Hunt_Showdown/', '594650'),
(81, 36, 7, '2020-03-03', 'https://www.playstation.com/en-us/games/hunt-showdown/', NULL),
(82, 36, 8, '2020-03-03', 'https://www.playstation.com/en-us/games/hunt-showdown/', NULL),
(83, 36, 11, '2019-09-20', 'https://www.xbox.com/en-us/games/store/hunt-showdown/9ncmq9dxgxf6?activetab=pivot%3Aoverviewtab', NULL),
(84, 36, 12, '2019-09-20', 'https://www.xbox.com/en-us/games/store/hunt-showdown/9ncmq9dxgxf6?activetab=pivot%3Aoverviewtab', NULL),
(102, 46, 14, NULL, 'https://www.nintendo.com/us/store/products/captain-toad-treasure-tracker-switch/', '01009BF0072D4000'),
(103, 46, 15, '2014-11-13', NULL, NULL),
(104, 46, 17, NULL, NULL, NULL),
(105, 47, 14, NULL, 'https://www.nintendo.com/us/store/products/hyrule-warriors-definitive-edition-switch/', '0100AE00096EA000'),
(106, 48, 14, NULL, 'https://newpokemonsnap.pokemon.com/en-us/', '0100F4300BF2C000'),
(107, 49, 14, NULL, 'https://www.nintendo.com/us/store/products/miitopia-switch/', '01003DA010E8A000'),
(108, 50, 14, NULL, 'https://legends.arceus.pokemon.com/en-us/', '01001F5010DFA000'),
(109, 51, 14, NULL, NULL, '010018E011D92000'),
(110, 52, 14, NULL, 'https://kirbyandtheforgottenland.nintendo.com/buy/', '01004D300C5AE000'),
(111, 53, 14, NULL, NULL, '01008F6008C5E000'),
(112, 54, 14, NULL, 'https://www.nintendo.com/us/store/products/metroid-prime-remastered-switch/', '010012101468C000'),
(113, 55, 14, NULL, 'https://www.nintendo.com/us/store/products/super-mario-rpg-switch/', '0100BC0018138000'),
(114, 56, 14, NULL, 'https://detectivepikachu.pokemon.com/en-us/', '010007500F27C000'),
(115, 57, 14, NULL, 'https://www.nintendo.com/us/store/products/endless-ocean-luminous-switch/', '010067B017588000');

--
-- Dumping data for table `game_platform_player_link`
--

INSERT INTO `game_platform_player_link` (`game_platform_playerID`, `game_platformID`, `modeID`, `minPlayers`, `maxPlayers`) VALUES
(1, 1, 1, 0, 0),
(2, 1, 2, 2, 4),
(3, 1, 3, 2, 12),
(4, 1, 4, 2, 8),
(5, 1, 5, 2, 12),
(6, 2, 1, 0, 0),
(7, 2, 5, 1, 32),
(8, 3, 1, 0, 0),
(9, 3, 5, 1, 4),
(10, 4, 1, 0, 0),
(11, 4, 5, 1, 4),
(12, 5, 1, 0, 0),
(13, 5, 2, 2, 8),
(14, 5, 4, 2, 8),
(15, 5, 5, 2, 8),
(16, 6, 1, 0, 0),
(17, 6, 3, 2, 10),
(18, 6, 4, 2, 8),
(19, 6, 5, 2, 10),
(20, 7, 1, 0, 0),
(21, 7, 5, 1, 150),
(22, 7, 6, 1, 150),
(23, 8, 1, 0, 0),
(24, 8, 5, 1, 32),
(25, 8, 6, 1, 32),
(26, 9, 1, 0, 0),
(27, 9, 5, 1, 32),
(28, 9, 6, 1, 32),
(29, 10, 1, 0, 0),
(30, 10, 5, 1, 32),
(31, 10, 6, 1, 32),
(32, 11, 1, 0, 0),
(33, 11, 5, 1, 32),
(34, 11, 6, 1, 32),
(35, 12, 1, 0, 0),
(36, 13, 1, 0, 0),
(37, 14, 1, 0, 0),
(38, 14, 4, 1, 8),
(39, 14, 5, 1, 8),
(40, 15, 1, 0, 0),
(41, 15, 4, 2, 4),
(42, 15, 5, 2, 4),
(43, 16, 1, 0, 0),
(44, 17, 1, 0, 0),
(45, 18, 1, 0, 0),
(46, 19, 1, 0, 0),
(47, 20, 1, 0, 0),
(48, 21, 1, 0, 0),
(49, 22, 1, 0, 0),
(50, 22, 2, 1, 2),
(51, 23, 1, 0, 0),
(52, 23, 5, 1, 4),
(53, 24, 1, 0, 0),
(54, 24, 5, 2, 6),
(55, 25, 1, 0, 0),
(56, 25, 5, 2, 6),
(57, 26, 1, 0, 0),
(58, 26, 5, 2, 6),
(59, 27, 1, 0, 0),
(60, 27, 5, 2, 6),
(61, 28, 1, 0, 0),
(62, 28, 5, 2, 6),
(63, 29, 1, 0, 0),
(64, 29, 5, 2, 6),
(65, 30, 1, 0, 0),
(66, 30, 5, 2, 6),
(67, 31, 1, 0, 0),
(68, 31, 5, 2, 6),
(71, 38, 6, 1, 150),
(72, 38, 5, 1, 150),
(73, 38, 1, 0, 0),
(75, 40, 1, 0, 0),
(76, 40, 2, 2, 4),
(77, 40, 4, 2, 8),
(78, 40, 5, 2, 200),
(79, 41, 1, 0, 0),
(80, 41, 3, 2, 8),
(81, 41, 5, 2, 200),
(82, 42, 1, 0, 0),
(83, 42, 2, 2, 4),
(84, 42, 3, 2, 8),
(85, 42, 5, 2, 200),
(86, 43, 1, 0, 0),
(87, 43, 2, 2, 4),
(88, 43, 3, 2, 8),
(89, 43, 5, 2, 200),
(90, 44, 1, 0, 0),
(91, 44, 2, 2, 4),
(92, 44, 3, 2, 8),
(93, 44, 5, 2, 200),
(94, 45, 1, 0, 0),
(95, 45, 2, 2, 4),
(96, 45, 3, 2, 8),
(97, 45, 5, 2, 200),
(98, 46, 2, 2, 2),
(99, 46, 4, 2, 2),
(100, 46, 5, 2, 2),
(101, 47, 2, 2, 2),
(102, 47, 5, 2, 2),
(103, 48, 2, 2, 2),
(104, 48, 5, 2, 2),
(105, 49, 2, 2, 2),
(106, 49, 5, 2, 2),
(107, 50, 2, 2, 2),
(108, 50, 5, 2, 2),
(109, 51, 2, 2, 2),
(110, 51, 5, 2, 2),
(111, 52, 2, 2, 2),
(112, 52, 5, 2, 2),
(113, 53, 1, 0, 0),
(114, 54, 1, 0, 0),
(115, 55, 1, 0, 0),
(122, 60, 1, 0, 0),
(123, 60, 2, 1, 2),
(124, 61, 1, 0, 0),
(125, 61, 3, 2, 10),
(126, 61, 4, 2, 8),
(127, 61, 5, 2, 10),
(128, 62, 1, 0, 0),
(129, 62, 2, 1, 2),
(130, 62, 4, 2, 2),
(131, 62, 5, 2, 2),
(132, 63, 1, 0, 0),
(133, 63, 2, 1, 2),
(134, 63, 4, 2, 2),
(135, 63, 5, 2, 2),
(136, 64, 1, 0, 0),
(137, 65, 1, 0, 0),
(138, 65, 2, 1, 2),
(139, 66, 1, 0, 0),
(140, 66, 2, 1, 2),
(141, 66, 3, 1, 2),
(142, 66, 4, 1, 2),
(143, 66, 5, 1, 2),
(144, 67, 1, 0, 0),
(145, 67, 2, 1, 8),
(146, 67, 4, 1, 8),
(147, 67, 5, 1, 8),
(148, 68, 1, 0, 0),
(149, 69, 1, 0, 0),
(150, 69, 3, 1, 4),
(151, 69, 4, 1, 4),
(152, 69, 5, 1, 4),
(153, 70, 1, 0, 0),
(154, 70, 3, 1, 4),
(155, 70, 4, 1, 4),
(156, 70, 5, 1, 4),
(157, 71, 1, 0, 0),
(158, 72, 1, 0, 0),
(159, 73, 1, 0, 0),
(160, 73, 2, 1, 2),
(161, 74, 1, 0, 0),
(162, 74, 5, 1, 4),
(163, 75, 1, 0, 0),
(164, 75, 5, 1, 4),
(165, 76, 1, 0, 0),
(166, 76, 5, 1, 4),
(167, 77, 1, 0, 0),
(168, 77, 5, 1, 4),
(169, 78, 1, 0, 0),
(170, 78, 5, 1, 4),
(171, 79, 1, 0, 0),
(172, 79, 5, 1, 4),
(173, 80, 1, 0, 0),
(174, 80, 5, 2, 12),
(175, 81, 1, 0, 0),
(176, 81, 5, 2, 12),
(177, 82, 1, 0, 0),
(178, 82, 5, 2, 12),
(179, 83, 1, 0, 0),
(180, 83, 5, 2, 12),
(181, 84, 1, 0, 0),
(182, 84, 5, 2, 12),
(209, 102, 1, 0, 0),
(210, 102, 2, 1, 2),
(211, 103, 1, 0, 0),
(212, 104, 1, 0, 0),
(213, 105, 1, 0, 0),
(214, 105, 2, 1, 2),
(215, 106, 1, 0, 0),
(216, 107, 1, 0, 0),
(217, 108, 1, 0, 0),
(218, 108, 4, 2, 2),
(219, 108, 5, 2, 2),
(220, 109, 1, 0, 0),
(221, 109, 4, 1, 8),
(222, 109, 5, 1, 8),
(223, 110, 1, 0, 0),
(224, 110, 2, 1, 2),
(225, 111, 1, 0, 0),
(226, 111, 4, 2, 4),
(227, 111, 5, 2, 4),
(228, 112, 1, 0, 0),
(229, 113, 1, 0, 0),
(230, 114, 1, 0, 0),
(231, 115, 1, 0, 0),
(232, 115, 5, 1, 30);
COMMIT;

/*!40101 SET CHARACTER_SET_CLIENT=@OLD_CHARACTER_SET_CLIENT */;
/*!40101 SET CHARACTER_SET_RESULTS=@OLD_CHARACTER_SET_RESULTS */;
/*!40101 SET COLLATION_CONNECTION=@OLD_COLLATION_CONNECTION */;
